<?xml version="1.0" encoding="UTF-8"?><rss version="2.0"
	xmlns:content="http://purl.org/rss/1.0/modules/content/"
	xmlns:dc="http://purl.org/dc/elements/1.1/"
	xmlns:atom="http://www.w3.org/2005/Atom"
	xmlns:sy="http://purl.org/rss/1.0/modules/syndication/"
	
	>
<channel>
	<title>
	Comments on: Sample Page	</title>
	<atom:link href="https://https://dhiraj0192.github.io/FurtherInfo/sample-page/feed/" rel="self" type="application/rss+xml" />
	<link>https://https://dhiraj0192.github.io/FurtherInfo/</link>
	<description>Grow more with Further Info</description>
	<lastBuildDate>Sun, 02 May 2021 01:09:17 +0000</lastBuildDate>
	<sy:updatePeriod>
	hourly	</sy:updatePeriod>
	<sy:updateFrequency>
	1	</sy:updateFrequency>
	<generator>https://wordpress.org/?v=5.7.1</generator>
</channel>
</rss>
