<?xml version="1.0" encoding="UTF-8"?><rss version="2.0"
	xmlns:content="http://purl.org/rss/1.0/modules/content/"
	xmlns:wfw="http://wellformedweb.org/CommentAPI/"
	xmlns:dc="http://purl.org/dc/elements/1.1/"
	xmlns:atom="http://www.w3.org/2005/Atom"
	xmlns:sy="http://purl.org/rss/1.0/modules/syndication/"
	xmlns:slash="http://purl.org/rss/1.0/modules/slash/"
	>

<channel>
	<title>Further Info</title>
	<atom:link href="https://https://dhiraj0192.github.io/FurtherInfo/feed/" rel="self" type="application/rss+xml" />
	<link>https://https://dhiraj0192.github.io/FurtherInfo/</link>
	<description>Grow more with Further Info</description>
	<lastBuildDate>Sun, 02 May 2021 01:09:17 +0000</lastBuildDate>
	<language>en-US</language>
	<sy:updatePeriod>
	hourly	</sy:updatePeriod>
	<sy:updateFrequency>
	1	</sy:updateFrequency>
	<generator>https://wordpress.org/?v=5.7.1</generator>
	<item>
		<title>Hello world!</title>
		<link>https://https://dhiraj0192.github.io/FurtherInfo/2021/05/02/hello-world/</link>
					<comments>https://https://dhiraj0192.github.io/FurtherInfo/2021/05/02/hello-world/#comments</comments>
		
		<dc:creator><![CDATA[Dhiraj0192]]></dc:creator>
		<pubDate>Sun, 02 May 2021 01:09:17 +0000</pubDate>
				<category><![CDATA[Uncategorized]]></category>
		<guid isPermaLink="false">https://https://dhiraj0192.github.io/FurtherInfo/?p=1</guid>

					<description><![CDATA[Welcome to WordPress. This is your first post. Edit or delete it, then start writing!]]></description>
										<content:encoded><![CDATA[
<p>Welcome to WordPress. This is your first post. Edit or delete it, then start writing!</p>
]]></content:encoded>
					
					<wfw:commentRss>https://https://dhiraj0192.github.io/FurtherInfo/2021/05/02/hello-world/feed/</wfw:commentRss>
			<slash:comments>1</slash:comments>
		
		
			</item>
		<item>
		<title>Learn how to create consequat auctor eu in elit</title>
		<link>https://https://dhiraj0192.github.io/FurtherInfo/2021/02/18/post-number-three-lorem-ipsum-dolor-sit-amet/</link>
					<comments>https://https://dhiraj0192.github.io/FurtherInfo/2021/02/18/post-number-three-lorem-ipsum-dolor-sit-amet/#respond</comments>
		
		<dc:creator><![CDATA[Dhiraj0192]]></dc:creator>
		<pubDate>Thu, 18 Feb 2021 18:37:21 +0000</pubDate>
				<category><![CDATA[Uncategorized]]></category>
		<guid isPermaLink="false">https://https://dhiraj0192.github.io/FurtherInfo/2021/02/18/post-number-three-lorem-ipsum-dolor-sit-amet/</guid>

					<description><![CDATA[]]></description>
										<content:encoded><![CDATA[]]></content:encoded>
					
					<wfw:commentRss>https://https://dhiraj0192.github.io/FurtherInfo/2021/02/18/post-number-three-lorem-ipsum-dolor-sit-amet/feed/</wfw:commentRss>
			<slash:comments>0</slash:comments>
		
		
			</item>
		<item>
		<title>How to become a great dapibus condimentum sit amet</title>
		<link>https://https://dhiraj0192.github.io/FurtherInfo/2021/02/18/post-number-two-lorem-ipsum-dolor/</link>
					<comments>https://https://dhiraj0192.github.io/FurtherInfo/2021/02/18/post-number-two-lorem-ipsum-dolor/#respond</comments>
		
		<dc:creator><![CDATA[Dhiraj0192]]></dc:creator>
		<pubDate>Thu, 18 Feb 2021 18:35:50 +0000</pubDate>
				<category><![CDATA[Uncategorized]]></category>
		<guid isPermaLink="false">https://https://dhiraj0192.github.io/FurtherInfo/2021/02/18/post-number-two-lorem-ipsum-dolor/</guid>

					<description><![CDATA[]]></description>
										<content:encoded><![CDATA[]]></content:encoded>
					
					<wfw:commentRss>https://https://dhiraj0192.github.io/FurtherInfo/2021/02/18/post-number-two-lorem-ipsum-dolor/feed/</wfw:commentRss>
			<slash:comments>0</slash:comments>
		
		
			</item>
		<item>
		<title>How to be happy with lorem ipsum dolor</title>
		<link>https://https://dhiraj0192.github.io/FurtherInfo/2021/02/16/post-number-one-lorem-ipsum-dolor/</link>
					<comments>https://https://dhiraj0192.github.io/FurtherInfo/2021/02/16/post-number-one-lorem-ipsum-dolor/#respond</comments>
		
		<dc:creator><![CDATA[Dhiraj0192]]></dc:creator>
		<pubDate>Tue, 16 Feb 2021 16:05:15 +0000</pubDate>
				<category><![CDATA[Uncategorized]]></category>
		<guid isPermaLink="false">https://https://dhiraj0192.github.io/FurtherInfo/2021/02/16/post-number-one-lorem-ipsum-dolor/</guid>

					<description><![CDATA[]]></description>
										<content:encoded><![CDATA[]]></content:encoded>
					
					<wfw:commentRss>https://https://dhiraj0192.github.io/FurtherInfo/2021/02/16/post-number-one-lorem-ipsum-dolor/feed/</wfw:commentRss>
			<slash:comments>0</slash:comments>
		
		
			</item>
	</channel>
</rss>
